id,name,category,subCategory,flavor,taste,wikipediaUrl
0,egg,"animal product",,,,"https://en.wikipedia.org/wiki/Egg_as_food"
1,"bakery products",bakery,,,,"https://en.wikipedia.org/wiki/Bakery"
2,bread,bakery,,,,"https://en.wikipedia.org/wiki/Bread"
3,"rye bread",bakery,,,,"https://en.wikipedia.org/wiki/Rye_bread"
4,"wheaten bread",bakery,,,,"https://en.wikipedia.org/wiki/Soda_bread"
5,"white bread",bakery,,,,"https://en.wikipedia.org/wiki/White_bread"
6,"wholewheat bread",bakery,,,,"https://en.wikipedia.org/wiki/Whole_wheat_bread"
7,wort,beverage,,,,"https://en.wikipedia.org/wiki/Wort"
8,arrack,"beverage alcoholic",,,,"https://en.wikipedia.org/wiki/Arrack"
9,beer,"beverage alcoholic",,,,"https://en.wikipedia.org/wiki/Beer"
10,"bantu beer","beverage alcoholic",,,,"https://en.wikipedia.org/wiki/Millet_beer"
11,brandy,"beverage alcoholic",,,,"https://en.wikipedia.org/wiki/Brandy"
12,"anise brandy","beverage alcoholic",,,,"https://en.wikipedia.org/wiki/Brandy"
13,"apple brandy","beverage alcoholic",,,,"https://en.wikipedia.org/wiki/Fruit_brandy"
14,"armagnac brandy","beverage alcoholic",,,,"https://en.wikipedia.org/wiki/Armagnac_(brandy)"
15,"blackberry brandy","beverage alcoholic",,,,"https://en.wikipedia.org/wiki/Fruit_brandy"
16,"cherry brandy","beverage alcoholic",,,,"https://en.wikipedia.org/wiki/Fruit_brandy"
17,"cognac brandy","beverage alcoholic",,,,"https://en.wikipedia.org/wiki/Cognac"
18,"papaya brandy","beverage alcoholic",,,,"https://en.wikipedia.org/wiki/Fruit_brandy"
19,"pear brandy","beverage alcoholic",,,,"https://en.wikipedia.org/wiki/Fruit_brandy"
20,"plum brandy","beverage alcoholic",,,,"https://en.wikipedia.org/wiki/Slivovitz"
21,"raspberry brandy","beverage alcoholic",,,,"https://en.wikipedia.org/wiki/Cognac"
22,"weinbrand brandy","beverage alcoholic",,,,"https://en.wikipedia.org/wiki/Brandy"
23,gin,"beverage alcoholic",,,,"https://en.wikipedia.org/wiki/Gin"
24,rum,"beverage alcoholic",,,,"https://en.wikipedia.org/wiki/Rum"
25,whisky,"beverage alcoholic",,,,"https://en.wikipedia.org/wiki/Whisky"
26,"bourbon whisky","beverage alcoholic",,,,"https://en.wikipedia.org/wiki/Bourbon_whiskey"
27,"canadian whisky","beverage alcoholic",,,,"https://en.wikipedia.org/wiki/Canadian_whisky"
28,"finnish whisky","beverage alcoholic",,,,"https://en.wikipedia.org/wiki/Finnish_whisky"
29,"japanese whisky","beverage alcoholic",,,,"https://en.wikipedia.org/wiki/Japanese_whisky"
30,"malt whisky","beverage alcoholic",,,,"https://en.wikipedia.org/wiki/Malt_whisky"
31,"scotch whisky","beverage alcoholic",,,,"https://en.wikipedia.org/wiki/Scotch_whisky"
32,wine,"beverage alcoholic",,,,"https://en.wikipedia.org/wiki/Wine"
33,"bilberry wine","beverage alcoholic",,,,"https://en.wikipedia.org/wiki/Vaccinium_myrtillus"
34,"botrytized wine","beverage alcoholic",,,,"https://en.wikipedia.org/wiki/Noble_rot"
35,champagne,"beverage alcoholic",,,,"https://en.wikipedia.org/wiki/Champagne"
36,cider,"beverage alcoholic",,,,"https://en.wikipedia.org/wiki/Cider"
37,"plum wine","beverage alcoholic",,,,"https://en.wikipedia.org/wiki/Fruit_wine"
38,"port wine","beverage alcoholic",,,,"https://en.wikipedia.org/wiki/Port_wine"
39,"red wine","beverage alcoholic",,,,"https://en.wikipedia.org/wiki/Red_wine"
40,"rose wine","beverage alcoholic",,,,"https://en.wikipedia.org/wiki/Ros%C3%A9"
41,sake,"beverage alcoholic",,,,"https://en.wikipedia.org/wiki/Sake"
42,sherry,"beverage alcoholic",,,,"https://en.wikipedia.org/wiki/Sherry"
43,"sparkling wine","beverage alcoholic",,,,"https://en.wikipedia.org/wiki/Sparkling_wine"
44,"strawberry wine","beverage alcoholic",,,,"https://en.wikipedia.org/wiki/Fruit_wine"
45,"white wine","beverage alcoholic",,,,"https://en.wikipedia.org/wiki/White_wine"
46,coffee,"beverage caffeinated",,,,"https://en.wikipedia.org/wiki/Coffee"
47,mate,"beverage caffeinated",,,,"https://en.wikipedia.org/wiki/Mate_(beverage)"
48,"black tea","beverage caffeinated",,,,"https://en.wikipedia.org/wiki/Black_tea"
49,"green tea","beverage caffeinated",,,,"https://en.wikipedia.org/wiki/Green_tea"
50,"roibos tea","beverage caffeinated",,,,"https://en.wikipedia.org/wiki/Rooibos"
51,barley,cereal,,,,"https://en.wikipedia.org/wiki/Barley"
52,crispbread,cereal,,,,"https://en.wikipedia.org/wiki/Crispbread"
53,malt,cereal,,,,"https://en.wikipedia.org/wiki/Malt"
54,oats,cereal,,,,"https://en.wikipedia.org/wiki/Oat"
55,rice,cereal,,,,"https://en.wikipedia.org/wiki/Rice"
56,corn,maize,,,,"https://en.wikipedia.org/wiki/Maize"
57,"corn oil",maize,,,,"https://en.wikipedia.org/wiki/Corn_oil"
58,popcorn,maize,,,,"https://en.wikipedia.org/wiki/Popcorn"
59,sweetcorn,maize,,,,"https://en.wikipedia.org/wiki/Sweet_corn"
60,butter,dairy,,,,"https://en.wikipedia.org/wiki/Butter"
61,buttermilk,dairy,,,,"https://en.wikipedia.org/wiki/Buttermilk"
62,cheese,dairy,,,,"https://en.wikipedia.org/wiki/Cheese"
63,"blue cheese",dairy,,,,"https://en.wikipedia.org/wiki/Blue_cheese"
64,"camembert cheese",dairy,,,,"https://en.wikipedia.org/wiki/Camembert"
65,"cheddar cheese",dairy,,,,"https://en.wikipedia.org/wiki/Cheddar_cheese"
66,"comte cheese",dairy,,,,"https://en.wikipedia.org/wiki/Comt%C3%A9_cheese"
67,"cottage cheese",dairy,,,,"https://en.wikipedia.org/wiki/Cottage_cheese"
68,"cream cheese",dairy,,,,"https://en.wikipedia.org/wiki/Cream_cheese"
69,"domiati cheese",dairy,,,,"https://en.wikipedia.org/wiki/Domiati"
70,"emmental cheese",dairy,,,,"https://en.wikipedia.org/wiki/Emmental_cheese"
71,"feta cheese",dairy,,,,"https://en.wikipedia.org/wiki/Feta"
72,"goat cheese",dairy,,,,"https://en.wikipedia.org/wiki/Goat_cheese"
73,"gruyere cheese",dairy,,,,"https://en.wikipedia.org/wiki/Gruy%C3%A8re_cheese"
74,"limburger cheese",dairy,,,,"https://en.wikipedia.org/wiki/Limburger"
75,"mozzarella cheese",dairy,,,,"https://en.wikipedia.org/wiki/Mozzarella"
76,"munster cheese",dairy,,,,"https://en.wikipedia.org/wiki/Munster_cheese"
77,"other cheeses",dairy,,,,"https://en.wikipedia.org/wiki/Cheese"
78,"parmesan cheese",dairy,,,,"https://en.wikipedia.org/wiki/Parmigiano-Reggiano"
79,"provolone cheese",dairy,,,,"https://en.wikipedia.org/wiki/Provolone"
80,"romano cheese",dairy,,,,"https://en.wikipedia.org/wiki/Romano_cheese"
81,"roquefort cheese",dairy,,,,"https://en.wikipedia.org/wiki/Roquefort"
82,"russian cheese",dairy,,,,"https://en.wikipedia.org/wiki/Circassian_cheese"
83,"sheep cheese",dairy,,,,"https://en.wikipedia.org/wiki/Sheep_milk_cheese"
84,"swiss cheese",dairy,,,,"https://en.wikipedia.org/wiki/Swiss_cheese"
85,"tilsit cheese",dairy,,,,"https://en.wikipedia.org/wiki/Tilsit_cheese"
86,"dairy products",dairy,,,,"https://en.wikipedia.org/wiki/Dairy"
87,ghee,dairy,,,,"https://en.wikipedia.org/wiki/Ghee"
88,milk,dairy,,,,"https://en.wikipedia.org/wiki/Milk"
89,"milk fat",dairy,,,,"https://en.wikipedia.org/wiki/Milk"
90,"goat milk",dairy,,,,"https://en.wikipedia.org/wiki/Milk"
91,"milk powder",dairy,,,,"https://en.wikipedia.org/wiki/Powdered_milk"
92,"sheep milk",dairy,,,,"https://en.wikipedia.org/wiki/Milk"
93,"skimmed milk",dairy,,,,"https://en.wikipedia.org/wiki/Milk"
94,yogurt,dairy,,,,"https://en.wikipedia.org/wiki/Yogurt"
95,achilleas,"essential oil",,,,"https://en.wikipedia.org/wiki/Achillea"
96,arar,"essential oil",,,,"https://en.wikipedia.org/wiki/Juniperus_phoenicea"
97,buchu,"essential oil",,,,"https://en.wikipedia.org/wiki/Agathosma"
98,cajeput,"essential oil",,,,"https://en.wikipedia.org/wiki/Cajeput_tree"
99,camphor,"essential oil",,,,"https://en.wikipedia.org/wiki/Cinnamomum_camphora"
100,cascarilla,"essential oil",,,,"https://en.wikipedia.org/wiki/Croton_eluteria"
101,cedar,"essential oil",,,,"https://en.wikipedia.org/wiki/Cedrus"
102,chamomile,"essential oil",,,,"https://en.wikipedia.org/wiki/Chamaemelum_nobile"
103,citronella,"essential oil",,,,"https://en.wikipedia.org/wiki/Citronella_oil"
104,"citrus peel oil","essential oil",,,,"https://en.wikipedia.org/wiki/Citrus"
105,eucalyptus,"essential oil",,,,"https://en.wikipedia.org/wiki/Eucalyptus_oil"
106,fir,"essential oil",,,,"https://en.wikipedia.org/wiki/Fir"
107,geranium,"essential oil",,,,"https://en.wikipedia.org/wiki/Geranium"
108,"grapefruit peel oil","essential oil",,,,"https://en.wikipedia.org/wiki/Grapefruit"
109,grass,"essential oil",,,,"https://en.wikipedia.org/wiki/Andropogon"
110,"hops oil","essential oil",,,,"https://en.wikipedia.org/wiki/Hops"
111,hyacinth,"essential oil",,,,"https://en.wikipedia.org/wiki/Hyacinthus_orientalis"
112,"hyssop oil","essential oil",,,,"https://en.wikipedia.org/wiki/Hyssopus_officinalis"
113,"lemon grass","essential oil",,,,"https://en.wikipedia.org/wiki/Cymbopogon"
114,"lemon peel oil","essential oil",,,,"https://en.wikipedia.org/wiki/Lemon"
115,"lime peel oil","essential oil",,,,"https://en.wikipedia.org/wiki/Key_lime"
116,lovage,"essential oil",,,,"https://en.wikipedia.org/wiki/Lovage"
117,"mandarin orange peel oil","essential oil",,,,"https://en.wikipedia.org/wiki/Mandarin_orange"
118,"mastic gum","essential oil",,,,"https://en.wikipedia.org/wiki/Mastic_(plant_resin)"
119,"mentha oil","essential oil",,,,"https://en.wikipedia.org/wiki/Mentha"
120,myrrh,"essential oil",,,,"https://en.wikipedia.org/wiki/Myrrh"
121,"neroli oil","essential oil",,,,"https://en.wikipedia.org/wiki/Neroli"
122,"orange oil","essential oil",,,,"https://en.wikipedia.org/wiki/Bitter_orange"
123,orris,"essential oil",,,,"https://en.wikipedia.org/wiki/Orris_root"
124,"clary sage","essential oil",,,,"https://en.wikipedia.org/wiki/Salvia_sclarea"
125,"red sage","essential oil",,,,"https://en.wikipedia.org/wiki/Lantana_camara"
126,"spanish sage","essential oil",,,,"https://en.wikipedia.org/wiki/Salvia_lavandulifolia"
127,sandalwood,"essential oil",,,,"https://en.wikipedia.org/wiki/Sandalwood"
128,"sea buckthorns",berry,,,,"https://en.wikipedia.org/wiki/Hippophae"
129,"sweet grass","essential oil",,,,"https://en.wikipedia.org/wiki/Hierochloe_odorata"
130,valerian,"essential oil",,,,"https://en.wikipedia.org/wiki/Valerian_(herb)"
131,wattle,"essential oil",,,,"https://en.wikipedia.org/wiki/Vachellia_farnesiana"
132,yarrow,"essential oil",,,,"https://en.wikipedia.org/wiki/Achillea_millefolium"
133,ylang-ylang,"essential oil",,,,"https://en.wikipedia.org/wiki/Cananga_odorata"
134,clam,seafood,,,,"https://en.wikipedia.org/wiki/Clam"
135,crab,seafood,,,,"https://en.wikipedia.org/wiki/Crab"
136,crayfish,seafood,,,,"https://en.wikipedia.org/wiki/Crayfish"
137,kelp,seafood,,,,"https://en.wikipedia.org/wiki/Kelp"
138,krill,seafood,,,,"https://en.wikipedia.org/wiki/Krill"
139,lobster,seafood,,,,"https://en.wikipedia.org/wiki/Lobster"
140,mollusc,seafood,,,,"https://en.wikipedia.org/wiki/Mussel"
141,oyster,seafood,,,,"https://en.wikipedia.org/wiki/Oyster"
142,prawn,seafood,,,,"https://en.wikipedia.org/wiki/Prawn"
143,scallop,seafood,,,,"https://en.wikipedia.org/wiki/Scallop"
144,shellfish,seafood,,,,"https://en.wikipedia.org/wiki/Shellfish"
145,shrimp,seafood,,,,"https://en.wikipedia.org/wiki/Shrimp"
146,trassi,seafood,,,,"https://en.wikipedia.org/wiki/Shrimp_paste#Terasi"
147,squid,seafood,,,,"https://en.wikipedia.org/wiki/Squid"
148,bonito,fish,,,,"https://en.wikipedia.org/wiki/Katsuobushi"
149,caviar,fish,,,,"https://en.wikipedia.org/wiki/Caviar"
150,codfish,fish,,,,"https://en.wikipedia.org/wiki/Cod"
151,fish,fish,,,,"https://en.wikipedia.org/wiki/Fish"
152,"fatty fish",fish,,,,"https://en.wikipedia.org/wiki/Fish"
153,"lean fish",fish,,,,"https://en.wikipedia.org/wiki/Fish"
154,"fish oil",fish,,,,"https://en.wikipedia.org/wiki/Fish_oil"
155,"smoked fish",fish,,,,"https://en.wikipedia.org/wiki/Fish"
156,salmon,fish,,,,"https://en.wikipedia.org/wiki/Salmon"
157,artichoke,flower,,,,"https://en.wikipedia.org/wiki/Artichoke"
158,champaca,flower,,,,"https://en.wikipedia.org/wiki/Magnolia_champaca"
159,jasmine,flower,,,,"https://en.wikipedia.org/wiki/Jasmine"
160,lavendar,flower,,,,"https://en.wikipedia.org/wiki/Lavandula"
161,rose,flower,,,,"https://en.wikipedia.org/wiki/Rose"
162,apple,fruit,,,,"https://en.wikipedia.org/wiki/Apple"
163,"apple sauce",fruit,,,,"https://en.wikipedia.org/wiki/Apple_sauce"
164,apricot,fruit,,,,"https://en.wikipedia.org/wiki/Apricot"
165,avocado,fruit,,,,"https://en.wikipedia.org/wiki/Avocado"
166,babaco,fruit,,,,"https://en.wikipedia.org/wiki/Babaco"
167,banana,fruit,,,,"https://en.wikipedia.org/wiki/Banana"
168,beli,fruit,,,,"https://en.wikipedia.org/wiki/Aegle_marmelos"
169,"byrsonima crassifolia",fruit,,,,"https://en.wikipedia.org/wiki/Byrsonima_crassifolia"
170,"cashew apple",fruit,,,,"https://en.wikipedia.org/wiki/Cashew#Cashew_apple"
171,cherimoya,fruit,,,,"https://en.wikipedia.org/wiki/Cherimoya"
172,coconut,fruit,,,,"https://en.wikipedia.org/wiki/Coconut"
173,currant,fruit,,,,"https://en.wikipedia.org/wiki/Ribes"
174,"black currant",fruit,,,,"https://en.wikipedia.org/wiki/Blackcurrant"
175,"red currant",fruit,,,,"https://en.wikipedia.org/wiki/Redcurrant"
176,"white currant",fruit,,,,"https://en.wikipedia.org/wiki/White_currant"
177,dates,fruit,,,,"https://en.wikipedia.org/wiki/Date_palm"
178,durian,fruit,,,,"https://en.wikipedia.org/wiki/Durian"
179,elderberry,fruit-berry,,,,"https://en.wikipedia.org/wiki/Sambucus"
180,feijoa,fruit,,,,"https://en.wikipedia.org/wiki/Acca_sellowiana"
181,fig,fruit,,,,"https://en.wikipedia.org/wiki/Common_fig"
182,grape,fruit,,,,"https://en.wikipedia.org/wiki/Grape"
183,guava,fruit,,,,"https://en.wikipedia.org/wiki/Guava"
184,hogplum,fruit,,,,"https://en.wikipedia.org/wiki/Spondias_mombin"
185,jackfruit,fruit,,,,"https://en.wikipedia.org/wiki/Jackfruit"
186,kiwifruit,fruit,,,,"https://en.wikipedia.org/wiki/Kiwifruit"
187,litchi,fruit,,,,"https://en.wikipedia.org/wiki/Lychee"
188,loquat,fruit,,,,"https://en.wikipedia.org/wiki/Loquat"
189,"malay apple",fruit,,,,"https://en.wikipedia.org/wiki/Syzygium_malaccense"
190,mango,fruit,,,,"https://en.wikipedia.org/wiki/Mango"
191,melon,fruit,,,,"https://en.wikipedia.org/wiki/Melon"
192,"musk melon",fruit,,,,"https://en.wikipedia.org/wiki/Muskmelon"
193,naranjilla,fruit,,,,"https://en.wikipedia.org/wiki/Solanum_quitoense"
194,orange,fruit,,,,"https://en.wikipedia.org/wiki/Orange_(fruit)"
195,"bitter orange",fruit,,,,"https://en.wikipedia.org/wiki/Bitter_orange"
196,papaya,fruit,,,,"https://en.wikipedia.org/wiki/Papaya"
197,"mountain papaya",fruit,,,,"https://en.wikipedia.org/wiki/Mountain_papaya"
198,passionfruit,fruit,,,,"https://en.wikipedia.org/wiki/Passiflora_edulis"
199,"yellow passionfruit",fruit,,,,"https://en.wikipedia.org/wiki/Passiflora_lutea"
200,pawpaw,fruit,,,,"https://en.wikipedia.org/wiki/Asimina_triloba"
201,peach,fruit,,,,"https://en.wikipedia.org/wiki/Peach#Nectarines"
202,pear,fruit,,,,"https://en.wikipedia.org/wiki/Pear"
203,"bartlett pear",fruit,,,,"https://en.wikipedia.org/wiki/Williams_pear"
204,"prickly pear",fruit,,,,"https://en.wikipedia.org/wiki/Opuntia"
205,pepino,fruit,,,,"https://en.wikipedia.org/wiki/Solanum_muricatum"
206,pineapple,fruit,,,,"https://en.wikipedia.org/wiki/Pineapple"
207,plum,fruit,,,,"https://en.wikipedia.org/wiki/Plum"
208,plumcot,fruit,,,,"https://en.wikipedia.org/wiki/Pluot"
209,pumpkin,fruit,,,,"https://en.wikipedia.org/wiki/Pumpkin"
210,quince,fruit,,,,"https://en.wikipedia.org/wiki/Quince"
211,"chinese quince",fruit,,,,"https://en.wikipedia.org/wiki/Pseudocydonia"
212,raisin,fruit,,,,"https://en.wikipedia.org/wiki/Raisin"
213,roseapple,fruit,,,,"https://en.wikipedia.org/wiki/Syzygium_samarangense"
214,sapodilla,fruit,,,,"https://en.wikipedia.org/wiki/Manilkara_zapota"
215,soursop,fruit,,,,"https://en.wikipedia.org/wiki/Soursop"
216,"spineless monkey orange",fruit,,,,"https://en.wikipedia.org/wiki/Strychnos_madagascariensis"
217,starfruit,fruit,,,,"https://en.wikipedia.org/wiki/Carambola"
218,tamarind,fruit,,,,"https://en.wikipedia.org/wiki/Tamarind"
219,woodapple,fruit,,,,"https://en.wikipedia.org/wiki/Aegle_marmelos"
220,berry,berry,,,,"https://en.wikipedia.org/wiki/Berry_(botany)"
221,bilberry,berry,,,,"https://en.wikipedia.org/wiki/Bilberry"
222,blackberry,berry,,,,"https://en.wikipedia.org/wiki/Blackberry"
223,blueberry,berry,,,,"https://en.wikipedia.org/wiki/Blueberry"
224,cherry,berry,,,,"https://en.wikipedia.org/wiki/Cherry"
225,"bitter cherry",berry,,,,"https://en.wikipedia.org/wiki/Prunus_virginiana"
226,"sour cherry",berry,,,,"https://en.wikipedia.org/wiki/Prunus_cerasus"
227,"wild cherry",berry,,,,"https://en.wikipedia.org/wiki/Prunus_avium"
228,cloudberry,berry,,,,"https://en.wikipedia.org/wiki/Rubus_chamaemorus"
229,cranberry,berry,,,,"https://en.wikipedia.org/wiki/Cranberry"
230,gooseberry,berry,,,,"https://en.wikipedia.org/wiki/Gooseberry"
231,lingonberry,berry,,,,"https://en.wikipedia.org/wiki/Vaccinium_vitis-idaea"
232,loganberry,berry,,,,"https://en.wikipedia.org/wiki/Loganberry"
233,raspberry,berry,,,,"https://en.wikipedia.org/wiki/Raspberry"
234,strawberry,berry,,,,"https://en.wikipedia.org/wiki/Strawberry"
235,"strawberry jam",berry,,,,"https://en.wikipedia.org/wiki/Fruit_preserves"
236,bergamot,"fruit citrus",,,,"https://en.wikipedia.org/wiki/Bergamot_orange"
237,"citrus fruits","fruit citrus",,,,"https://en.wikipedia.org/wiki/Citrus"
238,grapefruit,"fruit citrus",,,,"https://en.wikipedia.org/wiki/Grapefruit"
239,kumquat,"fruit citrus",,,,"https://en.wikipedia.org/wiki/Kumquat"
240,lemon,"fruit citrus",,,,"https://en.wikipedia.org/wiki/Lemon"
241,lime,"fruit citrus",,,,"https://en.wikipedia.org/wiki/Key_lime"
242,"mandarin orange","fruit citrus",,,,"https://en.wikipedia.org/wiki/Mandarin_orange"
243,"satsuma orange","fruit citrus",,,,"https://en.wikipedia.org/wiki/Citrus_unshiu"
244,tangerine,"fruit citrus",,,,"https://en.wikipedia.org/wiki/Tangerine"
245,vanilla,"fruit essence",,,,"https://en.wikipedia.org/wiki/Vanilla"
246,mushroom,fungus,,,,"https://en.wikipedia.org/wiki/Mushroom"
247,truffle,fungus,,,,"https://en.wikipedia.org/wiki/Truffle"
248,angelica,herb,,,,"https://en.wikipedia.org/wiki/Angelica"
249,artemisia,herb,,,,"https://en.wikipedia.org/wiki/Artemisia_(genus)"
250,basil,herb,,,,"https://en.wikipedia.org/wiki/Basil"
251,buckwheat,herb,,,,"https://en.wikipedia.org/wiki/Buckwheat"
252,calamus,herb,,,,"https://en.wikipedia.org/wiki/Acorus_calamus"
253,chervil,herb,,,,"https://en.wikipedia.org/wiki/Chervil"
254,coriander,herb,,,,"https://en.wikipedia.org/wiki/Coriander"
255,cornmint,herb,,,,"https://en.wikipedia.org/wiki/Mentha_arvensis"
256,dill,herb,,,,"https://en.wikipedia.org/wiki/Dill"
257,fennel,herb,,,,"https://en.wikipedia.org/wiki/Fennel"
258,fenugreek,herb,,,,"https://en.wikipedia.org/wiki/Fenugreek"
259,garlic,herb,,,,"https://en.wikipedia.org/wiki/Garlic"
260,"lemon balm",herb,,,,"https://en.wikipedia.org/wiki/Lemon_balm"
261,liqourice,herb,,,,"https://en.wikipedia.org/wiki/Liquorice"
262,mint,herb,,,,"https://en.wikipedia.org/wiki/Lamiaceae"
263,rhubarb,herb,,,,"https://en.wikipedia.org/wiki/Rhubarb"
264,rosemary,herb,,,,"https://en.wikipedia.org/wiki/Rosemary"
265,sage,herb,,,,"https://en.wikipedia.org/wiki/Salvia_officinalis"
266,spearmint,herb,,,,"https://en.wikipedia.org/wiki/Spearmint"
267,"scotch spearmint",herb,,,,"https://en.wikipedia.org/wiki/Mentha_%C3%97_gracilis"
268,tarragon,herb,,,,"https://en.wikipedia.org/wiki/Tarragon"
269,thyme,herb,,,,"https://en.wikipedia.org/wiki/Thyme"
270,beef,meat,,,,"https://en.wikipedia.org/wiki/Beef"
271,"beef processed",meat,,,,"https://en.wikipedia.org/wiki/Beef"
272,chicken,meat,,,,"https://en.wikipedia.org/wiki/Chicken"
273,"frankfurter sausage",dish,,,,"https://en.wikipedia.org/wiki/Frankfurter_W%C3%BCrstchen"
274,ham,meat,,,,"https://en.wikipedia.org/wiki/Ham"
275,lamb,meat,,,,"https://en.wikipedia.org/wiki/Sheep"
276,meat,meat,,,,"https://en.wikipedia.org/wiki/Meat"
277,mutton,meat,,,,"https://en.wikipedia.org/wiki/Lamb_and_mutton"
278,pork,meat,,,,"https://en.wikipedia.org/wiki/Pork"
279,sukiyaki,meat,,,,"https://en.wikipedia.org/wiki/Sukiyaki"
280,turkey,meat,,,,"https://en.wikipedia.org/wiki/Turkey_meat"
281,almond,nut,,,,"https://en.wikipedia.org/wiki/Almond"
282,"brazil nut",nut,,,,"https://en.wikipedia.org/wiki/Brazil_nut"
283,cocoa,seed,,,,"https://en.wikipedia.org/wiki/Theobroma_cacao"
284,beans,legume,,,,"https://en.wikipedia.org/wiki/Bean"
285,"lima beans",legume,,,,"https://en.wikipedia.org/wiki/Phaseolus_lunatus"
286,"kidney beans",legume,,,,"https://en.wikipedia.org/wiki/Kidney_bean"
287,peanut,nut,,,,"https://en.wikipedia.org/wiki/Peanut"
288,peas,legume,,,,"https://en.wikipedia.org/wiki/Pea"
289,soybean,legume,,,,"https://en.wikipedia.org/wiki/Soybean"
290,"soybean oil",legume,,,,"https://en.wikipedia.org/wiki/Soybean"
291,"soybean sauce","plant derivative",,,,"https://en.wikipedia.org/wiki/Soy_sauce"
292,filbert,nut,,,,"https://en.wikipedia.org/wiki/Corylus_maxima"
293,hazelnut,nut,,,,"https://en.wikipedia.org/wiki/Hazelnut"
294,"macadamia nut",nut,,,,"https://en.wikipedia.org/wiki/Macadamia"
295,nuts,nut,,,,"https://en.wikipedia.org/wiki/Nut_(fruit)"
296,pecans,nut,,,,"https://en.wikipedia.org/wiki/Pecan"
297,walnut,nut,,,,"https://en.wikipedia.org/wiki/Walnut"
298,muskmallow,seed,,,,"https://en.wikipedia.org/wiki/Abelmoschus_moschatus"
299,sesame,seed,,,,"https://en.wikipedia.org/wiki/Sesame"
300,allium,plant,,,,"https://en.wikipedia.org/wiki/Allium"
301,alpinia,plant,,,,"https://en.wikipedia.org/wiki/Alpinia"
302,ceriman,plant,,,,"https://en.wikipedia.org/wiki/Monstera_deliciosa"
303,chicory,plant,,,,"https://en.wikipedia.org/wiki/Chicory"
304,hops,plant,,,,"https://en.wikipedia.org/wiki/Hops"
305,laurel,plant,,,,"https://en.wikipedia.org/wiki/Laurus_nobilis"
306,myrtle,plant,,,,"https://en.wikipedia.org/wiki/Myrtus"
307,olive,plant,,,,"https://en.wikipedia.org/wiki/Olive"
308,pine,plant,,,,"https://en.wikipedia.org/wiki/Pine"
309,sassafras,plant,,,,"https://en.wikipedia.org/wiki/Sassafras"
310,tea,plant,,,,"https://en.wikipedia.org/wiki/Tea"
311,"fermented tea","plant derivative",,,,"https://en.wikipedia.org/wiki/Fermented_tea"
312,tobacco,plant,,,,"https://en.wikipedia.org/wiki/Tobacco"
313,watercress,plant,,,,"https://en.wikipedia.org/wiki/Watercress"
314,creosote,"plant derivative",,,,"https://en.wikipedia.org/wiki/Creosote"
315,honey,"plant derivative",,,,"https://en.wikipedia.org/wiki/Honey"
316,macaroni,"plant derivative",,,,"https://en.wikipedia.org/wiki/Macaroni"
317,"mustard oil","plant derivative",,,,"https://en.wikipedia.org/wiki/Mustard_oil"
318,"peanut butter","plant derivative",,,,"https://en.wikipedia.org/wiki/Peanut_butter"
319,"peanut oil","plant derivative",,,,"https://en.wikipedia.org/wiki/Peanut_oil"
320,rye,cereal,,,,"https://en.wikipedia.org/wiki/Rye"
321,storax,"plant derivative",,,,"https://en.wikipedia.org/wiki/Storax_balsam"
322,vinegar,"plant derivative",,,,"https://en.wikipedia.org/wiki/Vinegar"
323,anise,spice,,,,"https://en.wikipedia.org/wiki/Anise"
324,"anise hyssop",spice,,,,"https://en.wikipedia.org/wiki/Agastache_foeniculum"
325,"star anise",spice,,,,"https://en.wikipedia.org/wiki/Illicium_verum"
326,caraway,spice,,,,"https://en.wikipedia.org/wiki/Caraway"
327,cardamom,spice,,,,"https://en.wikipedia.org/wiki/Cardamom"
328,cassia,spice,,,,"https://en.wikipedia.org/wiki/Cinnamomum_cassia"
329,celery,spice,,,,"https://en.wikipedia.org/wiki/Celery"
330,cinnamon,spice,,,,"https://en.wikipedia.org/wiki/Cinnamon"
331,clove,spice,,,,"https://en.wikipedia.org/wiki/Clove"
332,cumin,spice,,,,"https://en.wikipedia.org/wiki/Cumin"
333,ginger,spice,,,,"https://en.wikipedia.org/wiki/Ginger"
334,mace,spice,,,,"https://en.wikipedia.org/wiki/Nutmeg"
335,marjoram,spice,,,,"https://en.wikipedia.org/wiki/Marjoram"
336,nutmeg,spice,,,,"https://en.wikipedia.org/wiki/Nutmeg"
337,oregano,spice,,,,"https://en.wikipedia.org/wiki/Oregano"
338,parsley,spice,,,,"https://en.wikipedia.org/wiki/Parsley"
339,pepper,spice,,,,"https://en.wikipedia.org/wiki/Black_pepper"
340,saffron,spice,,,,"https://en.wikipedia.org/wiki/Saffron"
341,turmeric,spice,,,,"https://en.wikipedia.org/wiki/Turmeric"
342,"green beans",vegetable,,,,"https://en.wikipedia.org/wiki/Green_bean"
343,chive,vegetable,,,,"https://en.wikipedia.org/wiki/Chives"
344,endive,vegetable,,,,"https://en.wikipedia.org/wiki/Endive"
345,leek,vegetable,,,,"https://en.wikipedia.org/wiki/Leek"
346,lettuce,vegetable,,,,"https://en.wikipedia.org/wiki/Lettuce"
347,okra,vegetable,,,,"https://en.wikipedia.org/wiki/Okra"
348,onion,vegetable,,,,"https://en.wikipedia.org/wiki/Onion"
349,shallot,vegetable,,,,"https://en.wikipedia.org/wiki/Shallot"
350,peppermint,herb,,,,"https://en.wikipedia.org/wiki/Peppermint"
351,broccoli,cabbage,,,,"https://en.wikipedia.org/wiki/Broccoli"
352,"brussels sprout",cabbage,,,,"https://en.wikipedia.org/wiki/Brussels_sprout"
353,cabbage,cabbage,,,,"https://en.wikipedia.org/wiki/Cabbage"
354,cauliflower,cabbage,,,,"https://en.wikipedia.org/wiki/Cauliflower"
355,horseradish,cabbage,,,,"https://en.wikipedia.org/wiki/Horseradish"
356,mustard,cabbage,,,,"https://en.wikipedia.org/wiki/Mustard_plant"
357,radish,"vegetable root",,,,"https://en.wikipedia.org/wiki/Radish"
358,turnip,"vegetable root",,,,"https://en.wikipedia.org/wiki/Turnip"
359,kohlrabi,cabbage,,,,"https://en.wikipedia.org/wiki/Kohlrabi"
360,rutabaga,"vegetable root",,,,"https://en.wikipedia.org/wiki/Rutabaga"
361,wasabi,cabbage,,,,"https://en.wikipedia.org/wiki/Wasabi"
362,capsicum,"vegetable fruit",,,,"https://en.wikipedia.org/wiki/Bell_pepper"
363,"cherry pepper","vegetable fruit",,,,"https://en.wikipedia.org/wiki/Pimiento"
364,tomato,"vegetable fruit",,,,"https://en.wikipedia.org/wiki/Tomato"
365,chayote,gourd,,,,"https://en.wikipedia.org/wiki/Chayote"
366,cucumber,gourd,,,,"https://en.wikipedia.org/wiki/Cucumber"
367,beetroot,"vegetable root",,,,"https://en.wikipedia.org/wiki/Beetroot"
368,carrot,"vegetable root",,,,"https://en.wikipedia.org/wiki/Carrot"
369,parsnip,"vegetable root",,,,"https://en.wikipedia.org/wiki/Parsnip"
370,"sweet potato","vegetable root",,,,"https://en.wikipedia.org/wiki/Sweet_potato"
371,asparagus,"vegetable stem",,,,"https://en.wikipedia.org/wiki/Asparagus"
372,cassava,"vegetable tuber",,,,"https://en.wikipedia.org/wiki/Cassava"
373,potato,"vegetable tuber",,,,"https://en.wikipedia.org/wiki/Potato"
374,"fried potato",bakery,,,,"https://en.wikipedia.org/wiki/Potato"
375,allspice,spice,,,,"https://en.wikipedia.org/wiki/Allspice"
376,asafoetida,spice,,,,"https://en.wikipedia.org/wiki/Asafoetida"
377,ashgourd,gourd,,,,"https://en.wikipedia.org/wiki/Winter_melon"
378,bittergourd,gourd,,,,"https://en.wikipedia.org/wiki/Momordica_charantia"
379,bottlegourd,gourd,,,,"https://en.wikipedia.org/wiki/Calabash"
380,"canola oil","essential oil",,,,"https://en.wikipedia.org/wiki/Canola"
381,"carom seed",spice,,,,"https://en.wikipedia.org/wiki/Ajwain"
382,chard,vegetable,,,,"https://en.wikipedia.org/wiki/Chard"
383,"apple cider vinegar","plant derivative",,,,"https://en.wikipedia.org/wiki/Apple_cider_vinegar"
384,colocasia,vegetable,,,,"https://en.wikipedia.org/wiki/Colocasia"
385,"curry leaf",herb,,,,"https://en.wikipedia.org/wiki/Curry_tree"
386,"drumstick leaf",vegetable,,,,"https://en.wikipedia.org/wiki/Moringa_oleifera"
387,eggplant,vegetable,,,,"https://en.wikipedia.org/wiki/Eggplant"
388,flaxseed,seed,,,,"https://en.wikipedia.org/wiki/Flax#Flax_seeds"
389,jalapeno,spice,,,,"https://en.wikipedia.org/wiki/Jalape%C3%B1o"
390,kenaf,"essential oil",,,,"https://en.wikipedia.org/wiki/Kenaf"
391,lotus,"essential oil",,,,"https://en.wikipedia.org/wiki/Nelumbo"
392,"nigella seed",seed,,,,"https://en.wikipedia.org/wiki/Nigella_sativa"
393,kewda,"essential oil",,,,"https://en.wikipedia.org/wiki/Pandanus_odorifer"
394,pomegranate,fruit,,,,"https://en.wikipedia.org/wiki/Pomegranate"
395,"poppy seed",spice,,,,"https://en.wikipedia.org/wiki/Poppy_seed"
396,spinach,vegetable,,,,"https://en.wikipedia.org/wiki/Spinach"
397,"turkey berry","vegetable fruit",,,,"https://en.wikipedia.org/wiki/Solanum_torvum"
398,"water chestnut",fruit,,,,"https://en.wikipedia.org/wiki/Water_caltrop"
399,"white pepper",spice,,,,"https://en.wikipedia.org/wiki/Black_pepper#White_pepper"
400,"garcinia indica",fruit,,,,"https://en.wikipedia.org/wiki/Garcinia_indica"
401,"cluster bean",legume,,,,"https://en.wikipedia.org/wiki/Guar"
402,paneer,dairy,,,,"https://en.wikipedia.org/wiki/Paneer"
403,"pigeon pea",legume,,,,"https://en.wikipedia.org/wiki/Pigeon_pea"
404,"basmati rice",cereal,,,,"https://en.wikipedia.org/wiki/Basmati"
405,"ricotta cheese",dairy,,,,"https://en.wikipedia.org/wiki/Ricotta"
408,"silver linden",herb,,,,"https://en.wikipedia.org/wiki/Tilia_tomentosa"
409,"redskin onion",vegetable,,,,"https://en.wikipedia.org/wiki/Allium_haematochiton"
410,"lemon verbena",herb,,,,"https://en.wikipedia.org/wiki/Aloysia_citrodora"
411,"cashew nut",nut,,,,"https://en.wikipedia.org/wiki/Cashew_nut"
412,burdock,vegetable,,,,"https://en.wikipedia.org/wiki/Arctium_lappa"
413,borage,herb,,,,"https://en.wikipedia.org/wiki/Borage"
414,capers,herb,,,,"https://en.wikipedia.org/wiki/Caper"
415,safflower,herb,,,,"https://en.wikipedia.org/wiki/Safflower"
416,chestnut,nut,,,,"https://en.wikipedia.org/wiki/Chestnut"
417,chickpea,legume,,,,"https://en.wikipedia.org/wiki/Chickpea"
418,pummelo,"fruit citrus",,,,"https://en.wikipedia.org/wiki/Pomelo"
419,"arabica coffee","beverage caffeinated",,,,"https://en.wikipedia.org/wiki/Arabica_coffee"
421,"japanese persimmon",fruit,,,,"https://en.wikipedia.org/wiki/Japanese_persimmon"
422,"black crowberry",berry,,,,"https://en.wikipedia.org/wiki/Empetrum_nigrum"
423,"rocket salad",herb,,,,"https://en.wikipedia.org/wiki/Eruca_sativa"
424,"tartary buckwheat",cereal,,,,"https://en.wikipedia.org/wiki/Fagopyrum_tataricum"
425,"black huckleberry",berry,,,,"https://en.wikipedia.org/wiki/Gaylussacia_baccata"
426,sunflower,flower,,,,"https://en.wikipedia.org/wiki/Sunflower"
427,"swamp cabbage",cabbage,,,,"https://en.wikipedia.org/wiki/Ipomoea_aquatica"
428,"grass pea",legume,,,,"https://en.wikipedia.org/wiki/Lathyrus_sativus"
429,lentils,legume,,,,"https://en.wikipedia.org/wiki/Lentils"
430,"garden cress",herb,,,,"https://en.wikipedia.org/wiki/Garden_cress"
431,"mexican oregano",herb,,,,"https://en.wikipedia.org/wiki/Mexican_oregano"
432,lupine,plant,,,,"https://en.wikipedia.org/wiki/Lupin"
433,medlar,fruit,,,,"https://en.wikipedia.org/wiki/Medlar"
434,mulberry,berry,,,,"https://en.wikipedia.org/wiki/Mulberry"
435,"black mulberry",berry,,,,"https://en.wikipedia.org/wiki/Black_mulberry"
436,"evening primrose",herb,,,,"https://en.wikipedia.org/wiki/Evening_primrose"
437,millet,legume,,,,"https://en.wikipedia.org/wiki/Millet"
438,"scarlet bean",legume,,,,"https://en.wikipedia.org/wiki/Phaseolus_coccineus"
439,pistachio,nut,,,,"https://en.wikipedia.org/wiki/Pistachio"
440,purslane,plant,,,,"https://en.wikipedia.org/wiki/Portulaca_oleracea"
441,"red raspberry",berry,,,,"https://en.wikipedia.org/wiki/Red_raspberry"
442,"black raspberry",berry,,,,"https://en.wikipedia.org/wiki/Rubus_occidentalis"
443,sorrel,herb,,,,"https://en.wikipedia.org/wiki/Sorrel"
444,"summer savory",herb,,,,"https://en.wikipedia.org/wiki/Summer_savory"
445,"winter savory",herb,,,,"https://en.wikipedia.org/wiki/Winter_savory"
446,"cherry tomato",berry,,,,"https://en.wikipedia.org/wiki/Cherry_tomato"
447,rowanberry,berry,,,,"https://en.wikipedia.org/wiki/Rowanberry"
448,sorghum,cereal,,,,"https://en.wikipedia.org/wiki/Sorghum_bicolor"
449,dandelion,flower,,,,"https://en.wikipedia.org/wiki/Dandelion"
450,linden,herb,,,,"https://en.wikipedia.org/wiki/Tilia_%C3%97_europaea"
451,"small leaf linden",plant,,,,"https://en.wikipedia.org/wiki/Tilia_cordata"
452,wheat,cereal,,,,"https://en.wikipedia.org/wiki/Common_wheat"
453,sparkleberry,berry,,,,"https://en.wikipedia.org/wiki/Sparkleberry"
454,"common verbena",herb,,,,"https://en.wikipedia.org/wiki/Verbena_officinalis"
455,"adzuki bean",legume,,,,"https://en.wikipedia.org/wiki/Azuki_bean"
456,"gram bean",legume,,,,"https://en.wikipedia.org/wiki/Vigna_mungo"
457,"mung bean",legume,,,,"https://en.wikipedia.org/wiki/Mung_bean"
458,"climbing bean",legume,,,,"https://en.wikipedia.org/wiki/Vigna_umbellata"
459,"muscadine grape",fruit,,,,"https://en.wikipedia.org/wiki/Muscadine"
460,bayberry,berry,,,,"https://en.wikipedia.org/wiki/Bayberry"
461,"elliott's blueberry",berry,,,,"https://en.wikipedia.org/wiki/Vaccinium_elliottii"
462,"canada blueberry",berry,,,,"https://en.wikipedia.org/wiki/Vaccinium_myrtilloides"
463,"buffalo currant",fruit,,,,"https://en.wikipedia.org/wiki/Buffalo_currant"
464,deerberry,berry,,,,"https://en.wikipedia.org/wiki/Vaccinium_stamineum"
465,ginseng,"vegetable root",,,,"https://en.wikipedia.org/wiki/Ginseng"
466,longan,plant,,,,"https://en.wikipedia.org/wiki/Longan"
467,"pepper c. baccatum",vegetable,,,,"https://en.wikipedia.org/wiki/Capsicum_baccatum"
468,"pepper c. chinense",vegetable,,,,"https://en.wikipedia.org/wiki/Capsicum_chinense"
469,rambutan,fruit,,,,"https://en.wikipedia.org/wiki/Rambutan"
470,"red rice",cereal,,,,"https://en.wikipedia.org/wiki/Oryza_rufipogon"
471,"annual wild rice",cereal,,,,"https://en.wikipedia.org/wiki/Zizania_aquatica"
472,"welsh onion",vegetable,,,,"https://en.wikipedia.org/wiki/Welsh_onion"
473,"hard wheat",cereal,,,,"https://en.wikipedia.org/wiki/Hard_wheat"
474,triticale,cereal,,,,"https://en.wikipedia.org/wiki/Triticale"
475,komatsuna,cabbage,,,,"https://en.wikipedia.org/wiki/Komatsuna"
476,"pak choy",cabbage,,,,"https://en.wikipedia.org/wiki/Pak_choy"
477,jostaberry,berry,,,,"https://en.wikipedia.org/wiki/Jostaberry"
478,"kai lan",cabbage,,,,"https://en.wikipedia.org/wiki/Kai-lan"
480,"pineappple sage",herb,,,,"https://en.wikipedia.org/wiki/Salvia_elegans"
481,"skunk currant",fruit,,,,"https://en.wikipedia.org/wiki/Ribes_glandulosum"
482,"breakfast cereal",cereal,,,,"https://en.wikipedia.org/wiki/Breakfast_cereal"
484,pasta,bakery,,,,"https://en.wikipedia.org/wiki/Pasta"
485,biscuit,bakery,,,,"https://en.wikipedia.org/wiki/Biscuit"
486,sourdough,cereal,,,,"https://en.wikipedia.org/wiki/Sourdough"
487,spirit,"beverage alcoholic",,,,"https://en.wikipedia.org/wiki/Distilled_beverage"
488,"beverage alcolohic other","beverage alcoholic",,,,"https://en.wikipedia.org/wiki/Alcoholic_beverage"
489,abalone,fungus,,,,"https://en.wikipedia.org/wiki/Abalone"
490,abiyuch,plant,,,,"https://en.wikipedia.org/wiki/Crateva_religiosa"
491,acerola,berry,,,,"https://en.wikipedia.org/wiki/Malpighia_emarginata"
492,acorn,nut,,,,"https://en.wikipedia.org/wiki/Acorn"
493,"winter squash",fruit,,,,"https://en.wikipedia.org/wiki/Winter_squash"
494,agar,additive,,,,"https://en.wikipedia.org/wiki/Agar"
495,"red king crab",seafood,,,,"https://en.wikipedia.org/wiki/Paralithodes_camtschaticus"
496,alfalfa,herb,,,,"https://en.wikipedia.org/wiki/Alfalfa"
497,amaranth,herb,,,,"https://en.wikipedia.org/wiki/Amaranth"
498,arrowhead,"vegetable tuber",,,,"https://en.wikipedia.org/wiki/Sagittaria_latifolia"
499,arrowroot,"vegetable tuber",,,,"https://en.wikipedia.org/wiki/Maranta_arundinacea"
500,"atlantic herring",fish,,,,"https://en.wikipedia.org/wiki/Atlantic_herring"
501,"atlantic mackerel",fish,,,,"https://en.wikipedia.org/wiki/Atlantic_mackerel"
502,"painted comber",fish,,,,"https://en.wikipedia.org/wiki/Painted_comber"
503,"atlantic pollock",fish,,,,"https://en.wikipedia.org/wiki/Pollachius_pollachius"
504,"atlantic wolffish",fish,,,,"https://en.wikipedia.org/wiki/Atlantic_wolffish"
505,"bamboo shoots",plant,,,,"https://en.wikipedia.org/wiki/Bamboo_shoots"
506,"striped bass",fish,,,,"https://en.wikipedia.org/wiki/Striped_bass"
507,beaver,meat,,,,"https://en.wikipedia.org/wiki/Beaver"
508,"beech nut",nut,,,,"https://en.wikipedia.org/wiki/Beech"
509,"beluga whale",fish,,,,"https://en.wikipedia.org/wiki/Beluga_whale"
510,bison,meat,,,,"https://en.wikipedia.org/wiki/Bison"
511,"black bear",meat,,,,"https://en.wikipedia.org/wiki/American_black_bear"
512,"alaska blackfish",fish,,,,"https://en.wikipedia.org/wiki/Alaska_blackfish"
513,"northern bluefin tuna",fish,,,,"https://en.wikipedia.org/wiki/Atlantic_bluefin_tuna"
514,bluefish,fish,,,,"https://en.wikipedia.org/wiki/Bluefish"
515,"wild boar",meat,,,,"https://en.wikipedia.org/wiki/Wild_boar"
516,"bowhead whale",fish,,,,"https://en.wikipedia.org/wiki/Bowhead_whale"
517,breadfruit,fruit,,,,"https://en.wikipedia.org/wiki/Breadfruit"
518,"breadnut tree seed","plant derivative",,,,"https://en.wikipedia.org/wiki/Brosimum_alicastrum"
519,rapini,cabbage,,,,"https://en.wikipedia.org/wiki/Rapini"
520,"brown bear",meat,,,,"https://en.wikipedia.org/wiki/Brown_bear"
521,buffalo,meat,,,,"https://en.wikipedia.org/wiki/Bubalus_bubalis"
522,burbot,fish,,,,"https://en.wikipedia.org/wiki/Burbot"
523,"giant butterbur",plant,,,,"https://en.wikipedia.org/wiki/Petasites_japonicus"
524,"american butterfish",fish,,,,"https://en.wikipedia.org/wiki/American_butterfish"
525,butternut,nut,,,,"https://en.wikipedia.org/wiki/Juglans_cinerea"
526,"butternut squash",fruit,,,,"https://en.wikipedia.org/wiki/Butternut_squash"
527,cardoon,plant,,,,"https://en.wikipedia.org/wiki/Cardoon"
528,caribou,meat,,,,"https://en.wikipedia.org/wiki/Caribou"
529,"natal plum",fruit,,,,"https://en.wikipedia.org/wiki/Carissa_macrocarpa"
530,carob,plant,,,,"https://en.wikipedia.org/wiki/Carob"
531,"common carp",fish,,,,"https://en.wikipedia.org/wiki/Common_carp"
532,"channel catfish",fish,,,,"https://en.wikipedia.org/wiki/Channel_catfish"
533,chia,herb,,,,"https://en.wikipedia.org/wiki/Salvia_hispanica"
534,"chinese chestnut",nut,,,,"https://en.wikipedia.org/wiki/Castanea_mollissima"
535,"garland chrysanthemum",flower,,,,"https://en.wikipedia.org/wiki/Garland_chrysanthemum"
536,cisco,fish,,,,"https://en.wikipedia.org/wiki/Coregonus_artedi"
537,"nuttall cockle",fish,,,,"https://en.wikipedia.org/wiki/Clinocardium_nuttallii"
538,"common octopus",seafood,,,,"https://en.wikipedia.org/wiki/Common_octopus"
539,"corn salad",vegetable,,,,"https://en.wikipedia.org/wiki/Valerianella_locusta"
540,cottonseed,"plant derivative",,,,"https://en.wikipedia.org/wiki/Cottonseed"
541,"catjang pea",legume,,,,"https://en.wikipedia.org/wiki/Vigna_unguiculata_subsp._cylindrica"
542,squashberry,berry,,,,"https://en.wikipedia.org/wiki/Squashberry"
543,"atlantic croaker",fish,,,,"https://en.wikipedia.org/wiki/Atlantic_croaker"
544,cusk,fish,,,,"https://en.wikipedia.org/wiki/Cusk_(fish)"
545,cuttlefish,fish,,,,"https://en.wikipedia.org/wiki/Cuttlefish"
546,"mule deer",meat,,,,"https://en.wikipedia.org/wiki/Mule_deer"
547,devilfish,fish,,,,"https://en.wikipedia.org/wiki/Devil_fish"
548,dock,herb,,,,"https://en.wikipedia.org/wiki/Rumex"
549,"dolphin fish",fish,,,,"https://en.wikipedia.org/wiki/Dolphin_fish"
550,"freshwater drum",fish,,,,"https://en.wikipedia.org/wiki/Freshwater_drum"
551,"mallard duck",meat,,,,"https://en.wikipedia.org/wiki/Mallard_duck"
552,"freshwater eel",fish,,,,"https://en.wikipedia.org/wiki/Freshwater_eel"
553,elk,meat,,,,"https://en.wikipedia.org/wiki/Elk"
554,emu,meat,,,,"https://en.wikipedia.org/wiki/Emu"
555,"oregon yampah",plant,,,,"https://en.wikipedia.org/wiki/Perideridia_oregana"
556,"european anchovy",fish,,,,"https://en.wikipedia.org/wiki/European_anchovy"
557,"european chestnut",nut,,,,"https://en.wikipedia.org/wiki/Castanea_sativa"
558,turbot,fish,,,,"https://en.wikipedia.org/wiki/Turbot"
559,fireweed,herb,,,,"https://en.wikipedia.org/wiki/Chamerion_angustifolium"
560,"florida pompano",fish,,,,"https://en.wikipedia.org/wiki/Florida_pompano"
561,"ginkgo nuts",nut,,,,"https://en.wikipedia.org/wiki/Ginkgo_biloba"
562,"greylag goose",meat,,,,"https://en.wikipedia.org/wiki/Greylag_goose"
563,"greenland halibut",fish,,,,"https://en.wikipedia.org/wiki/Greenland_halibut"
564,groundcherry,berry,,,,"https://en.wikipedia.org/wiki/Groundcherry"
565,grouper,fish,,,,"https://en.wikipedia.org/wiki/Grouper"
566,haddock,fish,,,,"https://en.wikipedia.org/wiki/Haddock"
567,hippoglossus,fish,,,,"https://en.wikipedia.org/wiki/Hippoglossus"
568,horse,meat,,,,"https://en.wikipedia.org/wiki/Horse"
569,"hyacinth bean",legume,,,,"https://en.wikipedia.org/wiki/Lablab_purpureus"
570,"irish moss",seafood,,,,"https://en.wikipedia.org/wiki/Chondrus_crispus"
571,"pacific jack mackerel",fish,,,,"https://en.wikipedia.org/wiki/Pacific_jack_mackerel"
572,"japanese chestnut",nut,,,,"https://en.wikipedia.org/wiki/Japanese_Chestnut"
573,"jerusalem artichoke","vegetable tuber",,,,"https://en.wikipedia.org/wiki/Jerusalem_artichoke"
574,jujube,fruit,,,,"https://en.wikipedia.org/wiki/Jujube"
575,jute,"plant derivative",,,,"https://en.wikipedia.org/wiki/Jute"
576,kale,cabbage,,,,"https://en.wikipedia.org/wiki/Kale"
577,"king mackerel",fish,,,,"https://en.wikipedia.org/wiki/King_mackerel"
578,lambsquarters,plant,,,,"https://en.wikipedia.org/wiki/Chenopodium_album"
579,"leather chiton",seafood,,,,"https://en.wikipedia.org/wiki/Katharina_tunicata"
580,"common ling",fish,,,,"https://en.wikipedia.org/wiki/Common_ling"
581,lingcod,fish,,,,"https://en.wikipedia.org/wiki/Lingcod"
582,"white lupine",plant,,,,"https://en.wikipedia.org/wiki/White_lupine"
583,"malabar spinach",vegetable,,,,"https://en.wikipedia.org/wiki/Basella_alba"
584,"mammee apple",fruit,,,,"https://en.wikipedia.org/wiki/Mammea_americana"
585,"purple mangosteen",fruit,,,,"https://en.wikipedia.org/wiki/Purple_mangosteen"
586,"alpine sweetvetch",plant,,,,"https://en.wikipedia.org/wiki/Hedysarum_alpinum"
587,milkfish,fish,,,,"https://en.wikipedia.org/wiki/Milkfish"
588,monkfish,fish,,,,"https://en.wikipedia.org/wiki/Monkfish"
589,moose,meat,,,,"https://en.wikipedia.org/wiki/Moose"
590,"moth bean",legume,,,,"https://en.wikipedia.org/wiki/Moth_bean"
591,"mountain yam","vegetable tuber",,,,"https://en.wikipedia.org/wiki/Chinese_yam"
592,"striped mullet",fish,,,,"https://en.wikipedia.org/wiki/Flathead_mullet"
593,muskrat,meat,,,,"https://en.wikipedia.org/wiki/Muskrat"
594,"new zealand spinach",vegetable,,,,"https://en.wikipedia.org/wiki/Tetragonia_tetragonioides"
595,nopal,plant,,,,"https://en.wikipedia.org/wiki/Nopal"
596,"ocean pout",fish,,,,"https://en.wikipedia.org/wiki/Ocean_pout"
597,"north pacific giant octopus",seafood,,,,"https://en.wikipedia.org/wiki/Enteroctopus_dofleini"
598,"ohelo berry",berry,,,,"https://en.wikipedia.org/wiki/Vaccinium_reticulatum"
600,opossum,meat,,,,"https://en.wikipedia.org/wiki/Opossum"
601,ostrich,meat,,,,"https://en.wikipedia.org/wiki/Ostrich"
602,"spotted seal",seafood,,,,"https://en.wikipedia.org/wiki/Spotted_seal"
603,"pacific herring",fish,,,,"https://en.wikipedia.org/wiki/Pacific_herring"
604,"pacific rockfish",fish,,,,"https://en.wikipedia.org/wiki/Rock_cod"
606,"common persimmon",fruit,,,,"https://en.wikipedia.org/wiki/Common_Persimmon"
607,pheasant,meat,,,,"https://en.wikipedia.org/wiki/Common_pheasant"
608,"northern pike",fish,,,,"https://en.wikipedia.org/wiki/Northern_pike"
609,"pili nut",nut,,,,"https://en.wikipedia.org/wiki/Pili_nut"
610,"colorado pinyon",plant,,,,"https://en.wikipedia.org/wiki/Colorado_Pinyon"
611,pitanga,berry,,,,"https://en.wikipedia.org/wiki/Eugenia_uniflora"
612,"french plantain",plant,,,,"https://en.wikipedia.org/wiki/Musa_%C3%97_paradisiaca"
613,"american pokeweed",herb,,,,"https://en.wikipedia.org/wiki/Phytolacca_americana"
614,"polar bear",meat,,,,"https://en.wikipedia.org/wiki/Polar_bear"
615,"prairie turnip",cabbage,,,,"https://en.wikipedia.org/wiki/Psoralea_esculenta"
616,quinoa,cereal,,,,"https://en.wikipedia.org/wiki/Quinoa"
617,"european rabbit",meat,,,,"https://en.wikipedia.org/wiki/European_rabbit"
618,raccoon,meat,,,,"https://en.wikipedia.org/wiki/Raccoon"
619,"rainbow smelt",fish,,,,"https://en.wikipedia.org/wiki/Rainbow_smelt"
620,"rainbow trout",fish,,,,"https://en.wikipedia.org/wiki/Rainbow_trout"
621,"malabar plum",fruit,,,,"https://en.wikipedia.org/wiki/Malabar_plum"
622,"rose hip",fruit,,,,"https://en.wikipedia.org/wiki/Rose_hip"
623,roselle,herb,,,,"https://en.wikipedia.org/wiki/Roselle_(plant)"
624,"orange roughy",fish,,,,"https://en.wikipedia.org/wiki/Orange_roughy"
625,sablefish,fish,,,,"https://en.wikipedia.org/wiki/Sablefish"
626,"pink salmon",fish,,,,"https://en.wikipedia.org/wiki/Pink_salmon"
627,"chum salmon",fish,,,,"https://en.wikipedia.org/wiki/Chum_salmon"
628,"coho salmon",fish,,,,"https://en.wikipedia.org/wiki/Coho_salmon"
629,"sockeye salmon",fish,,,,"https://en.wikipedia.org/wiki/Sockeye_salmon"
630,"chinook salmon",fish,,,,"https://en.wikipedia.org/wiki/Chinook_salmon"
631,"atlantic salmon",fish,,,,"https://en.wikipedia.org/wiki/Atlantic_salmon"
632,salmonberry,berry,,,,"https://en.wikipedia.org/wiki/Salmonberry"
633,"common salsify",plant,,,,"https://en.wikipedia.org/wiki/Tragopogon_porrifolius"
634,"spanish mackerel",fish,,,,"https://en.wikipedia.org/wiki/Spanish_mackerel"
635,"pacific sardine",fish,,,,"https://en.wikipedia.org/wiki/Pacific_sardine"
636,scup,fish,,,,"https://en.wikipedia.org/wiki/Scup"
637,"sea cucumber",seafood,,,,"https://en.wikipedia.org/wiki/Giant_California_sea_cucumber"
638,"steller sea lion",seafood,,,,"https://en.wikipedia.org/wiki/Steller_sea_lion"
639,"bearded seal",seafood,,,,"https://en.wikipedia.org/wiki/Bearded_seal"
640,"ringed seal",seafood,,,,"https://en.wikipedia.org/wiki/Ringed_seal"
641,"sea trout",fish,,,,"https://en.wikipedia.org/wiki/Sea_trout"
642,"sesbania flower",flower,,,,"https://en.wikipedia.org/wiki/Sesbania_bispinosa"
643,"american shad",fish,,,,"https://en.wikipedia.org/wiki/American_shad"
644,shark,fish,,,,"https://en.wikipedia.org/wiki/Shark"
645,sheefish,fish,,,,"https://en.wikipedia.org/wiki/Nelma"
646,sheepshead,fish,,,,"https://en.wikipedia.org/wiki/Archosargus_probatocephalus"
647,"hedge mustard",cabbage,,,,"https://en.wikipedia.org/wiki/Hedge_mustard"
648,snapper,fish,,,,"https://en.wikipedia.org/wiki/Lutjanidae"
649,spelt,cereal,,,,"https://en.wikipedia.org/wiki/Spelt"
650,spirulina,additive,,,,"https://en.wikipedia.org/wiki/Spirulina_(dietary_supplement)"
651,squab,meat,,,,"https://en.wikipedia.org/wiki/Squab_(food)"
652,squirrel,meat,,,,"https://en.wikipedia.org/wiki/Squirrel"
653,"greater sturgeon",fish,,,,"https://en.wikipedia.org/wiki/Acipenser"
654,"white sucker",fish,,,,"https://en.wikipedia.org/wiki/White_sucker"
655,"pumpkinseed sunfish",fish,,,,"https://en.wikipedia.org/wiki/Pumpkinseed"
656,swordfish,fish,,,,"https://en.wikipedia.org/wiki/Swordfish"
657,taro,"vegetable tuber",,,,"https://en.wikipedia.org/wiki/Taro"
658,teff,herb,,,,"https://en.wikipedia.org/wiki/Teff"
659,tilefish,fish,,,,"https://en.wikipedia.org/wiki/Lopholatilus_chamaeleonticeps"
660,"mexican groundcherry",berry,,,,"https://en.wikipedia.org/wiki/Mexican_Groundcherry"
661,"towel gourd",gourd,,,,"https://en.wikipedia.org/wiki/Luffa"
662,salmonidae,fish,,,,"https://en.wikipedia.org/wiki/Salmonidae"
663,walleye,fish,,,,"https://en.wikipedia.org/wiki/Walleye"
664,"alaska pollock",fish,,,,"https://en.wikipedia.org/wiki/Alaska_pollock"
665,whelk,seafood,,,,"https://en.wikipedia.org/wiki/Whelk"
667,"broad whitefish",fish,,,,"https://en.wikipedia.org/wiki/Broad_whitefish"
668,whitefish,fish,,,,"https://en.wikipedia.org/wiki/Coregonus"
669,whiting,fish,,,,"https://en.wikipedia.org/wiki/Merlangius_merlangus"
670,"wild rice",cereal,,,,"https://en.wikipedia.org/wiki/Wild_rice"
671,"tea leaf willow",herb,,,,"https://en.wikipedia.org/wiki/Salix_pulchra"
672,"winged bean",legume,,,,"https://en.wikipedia.org/wiki/Winged_bean"
673,yam,"vegetable tuber",,,,"https://en.wikipedia.org/wiki/Yam_(vegetable)"
674,jicama,"vegetable tuber",,,,"https://en.wikipedia.org/wiki/Jicama"
675,yautia,plant,,,,"https://en.wikipedia.org/wiki/Xanthosoma_sagittifolium"
676,"yellowfin tuna",fish,,,,"https://en.wikipedia.org/wiki/Yellowfin_tuna"
677,"yellowtail amberjack",fish,,,,"https://en.wikipedia.org/wiki/Yellowtail_amberjack"
678,pollock,fish,,,,"https://en.wikipedia.org/wiki/Pollock"
679,"albacore tuna",fish,,,,"https://en.wikipedia.org/wiki/Albacore_tuna"
680,"atlantic halibut",fish,,,,"https://en.wikipedia.org/wiki/Atlantic_halibut"
682,smelt,fish,,,,"https://en.wikipedia.org/wiki/Osmeridae"
683,clupeinae,fish,,,,"https://en.wikipedia.org/wiki/Clupeinae"
684,"spiny lobster",seafood,,,,"https://en.wikipedia.org/wiki/Spiny_lobster"
685,"black-eyed pea",legume,,,,"https://en.wikipedia.org/wiki/Black-eyed_pea"
686,deer,meat,,,,"https://en.wikipedia.org/wiki/Deer"
687,percoidei,fish,,,,"https://en.wikipedia.org/wiki/Percoidei"
688,perciformes,fish,,,,"https://en.wikipedia.org/wiki/Perciformes"
690,rabbit,meat,,,,"https://en.wikipedia.org/wiki/Rabbit"
691,beefalo,meat,,,,"https://en.wikipedia.org/wiki/Beefalo"
693,bivalvia,seafood,,,,"https://en.wikipedia.org/wiki/Bivalvia"
694,flatfish,fish,,,,"https://en.wikipedia.org/wiki/Flatfish"
695,walrus,seafood,,,,"https://en.wikipedia.org/wiki/Walrus"
696,"alaska wild rhubarb",plant,,,,"https://en.wikipedia.org/wiki/Aconogonon_alaskanum"
697,"oriental wheat",cereal,,,,"https://en.wikipedia.org/wiki/Khorasan_wheat"
698,"yardlong bean",legume,,,,"https://en.wikipedia.org/wiki/Vigna_unguiculata_subsp._sesquipedalis"
699,"great horned owl",meat,,,,"https://en.wikipedia.org/wiki/Great_horned_owl"
700,quail,meat,,,,"https://en.wikipedia.org/wiki/Quail"
701,boysenberry,berry,,,,"https://en.wikipedia.org/wiki/Boysenberry"
702,rowal,plant,,,,"https://en.wikipedia.org/wiki/Rowal"
703,"jew's ear",fungus,,,,"https://en.wikipedia.org/wiki/Jew%27s_ear"
704,shiitake,fungus,,,,"https://en.wikipedia.org/wiki/Shiitake"
705,"purple laver",seafood,,,,"https://en.wikipedia.org/wiki/Porphyra"
706,wakame,seafood,,,,"https://en.wikipedia.org/wiki/Wakame"
707,enokitake,fungus,,,,"https://en.wikipedia.org/wiki/Enokitake"
708,epazote,herb,,,,"https://en.wikipedia.org/wiki/Epazote"
709,"oyster mushroom",fungus,,,,"https://en.wikipedia.org/wiki/Oyster_mushroom"
710,"cloud ear fungus",fungus,,,,"https://en.wikipedia.org/wiki/Cloud_ear_fungus"
711,maitake,fungus,,,,"https://en.wikipedia.org/wiki/Maitake"
712,"ostrich fern",plant,,,,"https://en.wikipedia.org/wiki/Ostrich_fern"
713,"spot croaker",fish,,,,"https://en.wikipedia.org/wiki/Spot_croaker"
714,sourdock,herb,,,,"https://en.wikipedia.org/wiki/Rumex_arcticus"
715,tinda,gourd,,,,"https://en.wikipedia.org/wiki/Tinda"
716,"atlantic menhaden",fish,,,,"https://en.wikipedia.org/wiki/Atlantic_menhaden"
717,agave,plant,,,,"https://en.wikipedia.org/wiki/Agave"
718,"narrowleaf cattail",herb,,,,"https://en.wikipedia.org/wiki/Narrowleaf_cattail"
719,jellyfish,seafood,,,,"https://en.wikipedia.org/wiki/Jellyfish"
720,anchovy,fish,,,,"https://en.wikipedia.org/wiki/Anchovy"
721,"blue whiting",fish,,,,"https://en.wikipedia.org/wiki/Blue_whiting"
722,"carp bream",fish,,,,"https://en.wikipedia.org/wiki/Carp_bream"
723,chanterelle,fungus,,,,"https://en.wikipedia.org/wiki/Chanterelle"
724,sturgeon,fish,,,,"https://en.wikipedia.org/wiki/Sturgeon"
725,charr,fish,,,,"https://en.wikipedia.org/wiki/Salvelinus"
726,"common dab",fish,,,,"https://en.wikipedia.org/wiki/Common_dab"
727,"spiny dogfish",fish,,,,"https://en.wikipedia.org/wiki/Spiny_dogfish"
728,anatidae,meat,,,,"https://en.wikipedia.org/wiki/Anatidae"
729,anguilliformes,fish,,,,"https://en.wikipedia.org/wiki/Anguilliformes"
730,"true frog",meat,,,,"https://en.wikipedia.org/wiki/True_frog"
731,garfish,fish,,,,"https://en.wikipedia.org/wiki/Garfish"
732,gadiformes,fish,,,,"https://en.wikipedia.org/wiki/Gadiformes"
733,"mountain hare",meat,,,,"https://en.wikipedia.org/wiki/Mountain_hare"
734,"lake trout",fish,,,,"https://en.wikipedia.org/wiki/Lake_trout"
735,"lemon sole",fish,,,,"https://en.wikipedia.org/wiki/Lemon_sole"
736,lumpsucker,fish,,,,"https://en.wikipedia.org/wiki/Lumpsucker"
737,scombridae,fish,,,,"https://en.wikipedia.org/wiki/Scombridae"
738,"norway haddock",fish,,,,"https://en.wikipedia.org/wiki/Norway_haddock"
739,"norway pout",fish,,,,"https://en.wikipedia.org/wiki/Trisopterus_esmarkii"
740,"oil palm",plant,,,,"https://en.wikipedia.org/wiki/Elaeis"
741,"sago palm",plant,,,,"https://en.wikipedia.org/wiki/Metroxylon_sagu"
742,persimmon,fruit,,,,"https://en.wikipedia.org/wiki/Persimmon"
743,pikeperch,fish,,,,"https://en.wikipedia.org/wiki/Pikeperch"
744,pleuronectidae,fish,,,,"https://en.wikipedia.org/wiki/Pleuronectidae"
745,"rock ptarmigan",meat,,,,"https://en.wikipedia.org/wiki/Rock_ptarmigan"
746,"pacific ocean perch",fish,,,,"https://en.wikipedia.org/wiki/Pacific_ocean_perch"
747,"black salsify",plant,,,,"https://en.wikipedia.org/wiki/Scorzonera_hispanica"
748,"true seal",seafood,,,,"https://en.wikipedia.org/wiki/Earless_seal"
749,"red algae",seafood,,,,"https://en.wikipedia.org/wiki/Red_algae"
750,kombu,seafood,,,,"https://en.wikipedia.org/wiki/Kombu"
751,snail,meat,,,,"https://en.wikipedia.org/wiki/Snail"
752,"true sole",fish,,,,"https://en.wikipedia.org/wiki/True_sole"
753,catfish,fish,,,,"https://en.wikipedia.org/wiki/Catfish"
754,thistle,plant,,,,"https://en.wikipedia.org/wiki/Thistle"
755,"common tuna",fish,,,,"https://en.wikipedia.org/wiki/Thunnus"
756,cetacea,fish,,,,"https://en.wikipedia.org/wiki/Cetacea"
757,columbidae,meat,,,,"https://en.wikipedia.org/wiki/Columbidae"
758,conch,fish,,,,"https://en.wikipedia.org/wiki/Conch"
759,"berry wine","beverage alcoholic",,,,"https://en.wikipedia.org/wiki/Fruit_wine"
762,vodka,"beverage alcoholic",,,,"https://en.wikipedia.org/wiki/Vodka"
763,"ice cream",dish,,,,"https://en.wikipedia.org/wiki/Ice_cream"
764,vermouth,"beverage alcoholic",,,,"https://en.wikipedia.org/wiki/Vermouth"
765,"madeira wine","beverage alcoholic",,,,"https://en.wikipedia.org/wiki/Madeira_wine"
766,nougat,dish,,,,"https://en.wikipedia.org/wiki/Nougat"
767,toffee,dish,,,,"https://en.wikipedia.org/wiki/Toffee"
768,cake,dish,,,,"https://en.wikipedia.org/wiki/Cake"
769,pizza,dish,,,,"https://en.wikipedia.org/wiki/Pizza"
770,ymer,dairy,,,,"https://en.wikipedia.org/wiki/Ymer_(dairy_product)"
771,"other snack food",dish,,,,"https://en.wikipedia.org/wiki/Snack_food"
772,pastry,dish,,,,"https://en.wikipedia.org/wiki/Pastry"
773,drage,dish,,,,"https://en.wikipedia.org/wiki/Drag%C3%A9e"
774,"chewing gum",dish,,,,"https://en.wikipedia.org/wiki/Chewing_gum"
775,marzipan,dish,,,,"https://en.wikipedia.org/wiki/Marzipan"
776,"salad dressing",dish,,,,"https://en.wikipedia.org/wiki/Salad#Dressings"
777,sauce,additive,,,,"https://en.wikipedia.org/wiki/Sauce"
778,salt,additive,,,,"https://en.wikipedia.org/wiki/Salt"
780,cream,dairy,,,,"https://en.wikipedia.org/wiki/Cream"
781,sugar,additive,,,,"https://en.wikipedia.org/wiki/Sugar"
782,sausage,dish,,,,"https://en.wikipedia.org/wiki/Sausage"
783,meatball,dish,,,,"https://en.wikipedia.org/wiki/Meatball"
784,pate,dish,,,,"https://en.wikipedia.org/wiki/P%C3%A2t%C3%A9"
785,"sugar substitute",additive,,,,"https://en.wikipedia.org/wiki/Sugar_substitute"
786,"meat bouillon",dish,,,,
787,"other meat product",meat,,,,"https://en.wikipedia.org/wiki/Meat"
788,whey,dairy,,,,"https://en.wikipedia.org/wiki/Whey"
789,casein,additive,,,,"https://en.wikipedia.org/wiki/Casein"
790,"fruit preserve",additive,,,,"https://en.wikipedia.org/wiki/Fruit_preserves"
791,"leavening agent",additive,,,,"https://en.wikipedia.org/wiki/Leavening_agent"
792,marshmallow,bakery,,,,"https://en.wikipedia.org/wiki/Marshmallow"
793,gelatin,additive,,,,"https://en.wikipedia.org/wiki/Gelatin"
794,water,additive,,,,"https://en.wikipedia.org/wiki/Water"
795,"other fish product",fish,,,,"https://en.wikipedia.org/wiki/Fish_products"
796,"milk human",dairy,,,,"https://en.wikipedia.org/wiki/Milk"
799,dumpling,dish,,,,"https://en.wikipedia.org/wiki/Dumpling"
800,soup,dish,,,,"https://en.wikipedia.org/wiki/Soup"
803,syrup,additive,,,,"https://en.wikipedia.org/wiki/Syrup"
805,remoulade,dish,,,,"https://en.wikipedia.org/wiki/Remoulade"
806,"chocolate spread","plant derivative",,,,"https://en.wikipedia.org/wiki/Chocolate_spread"
807,"fruit gum",dish,,,,"https://en.wikipedia.org/wiki/Fruit_Gums"
810,meringue,bakery,,,,"https://en.wikipedia.org/wiki/Meringue"
814,"cocoa butter","plant derivative",,,,"https://en.wikipedia.org/wiki/Cocoa_butter"
815,"cocoa powder","plant derivative",,,,"https://en.wikipedia.org/wiki/Cocoa_solids"
817,chocolate,"plant derivative",,,,"https://en.wikipedia.org/wiki/Types_of_chocolate"
818,"hot chocolate",beverage,,,,"https://en.wikipedia.org/wiki/Hot_chocolate"
820,kefir,dairy,,,,"https://en.wikipedia.org/wiki/Kefir"
821,"other fermented milk",dairy,,,,"https://en.wikipedia.org/wiki/Fermented_milk_products"
822,miso,additive,,,,"https://en.wikipedia.org/wiki/Miso"
823,tofu,"plant derivative",,,,"https://en.wikipedia.org/wiki/Tofu"
824,zwieback,dish,,,,"https://en.wikipedia.org/wiki/Zwieback"
825,roe,fish,,,,"https://en.wikipedia.org/wiki/Roe"
826,cichlidae,fish,,,,"https://en.wikipedia.org/wiki/Tilapia"
827,icing,additive,,,,"https://en.wikipedia.org/wiki/Icing_(food)"
828,"snack bar",dish,,,,
829,"green turtle",meat,,,,"https://en.wikipedia.org/wiki/Green_sea_turtle"
830,"energy drink",beverage,,,,"https://en.wikipedia.org/wiki/Energy_drink"
831,burrito,dish,,,,"https://en.wikipedia.org/wiki/Burrito"
832,hamburger,dish,,,,"https://en.wikipedia.org/wiki/Hamburger"
833,chili,dish,,,,"https://en.wikipedia.org/wiki/Chili_con_carne"
834,taco,dish,,,,"https://en.wikipedia.org/wiki/Taco"
835,tortilla,dish,,,,"https://en.wikipedia.org/wiki/Tortilla"
836,nachos,dish,,,,"https://en.wikipedia.org/wiki/Nachos"
837,salad,dish,,,,"https://en.wikipedia.org/wiki/Salad"
839,"dulce de leche",dairy,,,,"https://en.wikipedia.org/wiki/Dulce_de_leche"
840,topping,additive,,,,
841,"sweet custard",dairy,,,,"https://en.wikipedia.org/wiki/Custard"
842,"egg roll",dish,,,,"https://en.wikipedia.org/wiki/Egg_roll"
843,"heart of palm",vegetable,,,,"https://en.wikipedia.org/wiki/Heart_of_palm"
845,"potato chip",bakery,,,,"https://en.wikipedia.org/wiki/Potato_chip"
846,"tortilla chip",bakery,,,,"https://en.wikipedia.org/wiki/Tortilla_chip"
847,"corn chip",bakery,,,,"https://en.wikipedia.org/wiki/Corn_chip"
848,"hibiscus tea",beverage,,,,"https://en.wikipedia.org/wiki/Hibiscus_tea"
849,stew,dish,,,,"https://en.wikipedia.org/wiki/Stew"
850,"gelatin dessert",additive,,,,"https://en.wikipedia.org/wiki/Gelatin_dessert"
851,junket,dairy,,,,"https://en.wikipedia.org/wiki/Junket_(dessert)"
852,falafel,dish,,,,"https://en.wikipedia.org/wiki/Falafel"
853,frybread,dish,,,,"https://en.wikipedia.org/wiki/Frybread"
854,"other frozen dessert",dish,,,,"https://en.wikipedia.org/wiki/Frozen_dessert"
855,lasagna,dish,,,,"https://en.wikipedia.org/wiki/Lasagna"
856,morchella,fungus,,,,"https://en.wikipedia.org/wiki/Morchellaceae"
857,pancake,dish,,,,"https://en.wikipedia.org/wiki/Pancake"
858,pectin,additive,,,,"https://en.wikipedia.org/wiki/Pectin"
859,pudding,dish,,,,"https://en.wikipedia.org/wiki/Pudding"
860,waffle,dish,,,,"https://en.wikipedia.org/wiki/Waffle"
861,"soy milk",beverage,,,,"https://en.wikipedia.org/wiki/Soy_milk"
862,meatloaf,dish,,,,"https://en.wikipedia.org/wiki/Meatloaf"
863,cocktail,beverage,,,,"https://en.wikipedia.org/wiki/List_of_cocktails"
864,couscous,dish,,,,"https://en.wikipedia.org/wiki/Couscous"
865,bulgur,cereal,,,,"https://en.wikipedia.org/wiki/Bulgur"
867,"coffee mocha","beverage caffeinated",,,,"https://en.wikipedia.org/wiki/Cafe_mocha"
868,chimichanga,dish,,,,"https://en.wikipedia.org/wiki/Chimichanga"
869,semolina,cereal,,,,"https://en.wikipedia.org/wiki/Semolina"
870,"tapioca pearl","vegetable tuber",,,,"https://en.wikipedia.org/wiki/Tapioca"
871,tostada,dish,,,,"https://en.wikipedia.org/wiki/Tostada"
872,quesadilla,dish,,,,"https://en.wikipedia.org/wiki/Quesadilla"
873,"baked potato",dish,,,,"https://en.wikipedia.org/wiki/Baked_potato"
874,"hot dog",dish,,,,"https://en.wikipedia.org/wiki/Hot_dog"
875,spread,additive,,,,"https://en.wikipedia.org/wiki/Spread_(food)"
876,enchilada,dish,,,,"https://en.wikipedia.org/wiki/Enchilada"
878,"nutritional drink",beverage,,,,"https://en.wikipedia.org/wiki/Energy_drink"
879,"other sandwich",dish,,,,"https://en.wikipedia.org/wiki/Sandwich"
880,ketchup,additive,,,,"https://en.wikipedia.org/wiki/Ketchup"
881,"breakfast sandwich",dish,,,,"https://en.wikipedia.org/wiki/Breakfast_sandwich"
882,adobo,dish,,,,"https://en.wikipedia.org/wiki/Adobo"
883,"macaroni and cheese",dish,,,,"https://en.wikipedia.org/wiki/Macaroni_and_cheese"
884,"horned melon",fruit,,,,"https://en.wikipedia.org/wiki/Horned_melon"
885,hushpuppy,dish,,,,"https://en.wikipedia.org/wiki/Hushpuppy"
886,"fruit juice",beverage,,,,"https://en.wikipedia.org/wiki/Juice"
887,relish,dish,,,,"https://en.wikipedia.org/wiki/Relish"
889,"fruit salad",dish,,,,"https://en.wikipedia.org/wiki/Fruit_salad"
890,"soy yogurt","plant derivative",,,,"https://en.wikipedia.org/wiki/Soy_yogurt"
891,"vegetarian food",dish,,,,"https://en.wikipedia.org/wiki/Vegetarian_cuisine"
893,"cold cut",dish,,,,"https://en.wikipedia.org/wiki/Cold_cut"
894,"mixed nuts",nut,,,,"https://en.wikipedia.org/wiki/Mixed_nuts"
895,"babassu palm",plant,,,,"https://en.wikipedia.org/wiki/Attalea_speciosa"
896,cupuau,fruit,,,,"https://en.wikipedia.org/wiki/Cupua%C3%A7u"
897,"shea tree",plant,,,,"https://en.wikipedia.org/wiki/Shea_tree"
898,"oil-seed camellia",plant,,,,"https://en.wikipedia.org/wiki/Camellia_oleifera"
899,ucuhuba,plant,,,,"https://en.wikipedia.org/wiki/Virola_surinamensis"
900,"phyllo dough",bakery,,,,"https://en.wikipedia.org/wiki/Phyllo"
901,"cooking oil",additive,,,,"https://en.wikipedia.org/wiki/Cooking_oil"
902,"pie crust",bakery,,,,"https://en.wikipedia.org/wiki/Pie_crust"
904,pie,dish,,,,"https://en.wikipedia.org/wiki/Pie"
905,shortening,additive,,,,"https://en.wikipedia.org/wiki/Shortening"
906,"soy cream",dish,,,,
907,"ice cream cone",dish,,,,"https://en.wikipedia.org/wiki/Ice_cream_cone"
908,molasses,additive,,,,"https://en.wikipedia.org/wiki/Molasses"
909,nance,fruit,,,,"https://en.wikipedia.org/wiki/Byrsonima_crassifolia"
911,natto,dish,,,,"https://en.wikipedia.org/wiki/Natto"
912,ravioli,dish,,,,"https://en.wikipedia.org/wiki/Ravioli"
913,scrapple,dish,,,,"https://en.wikipedia.org/wiki/Scrapple"
914,"other pasta dish",dish,,,,
915,succotash,dish,,,,"https://en.wikipedia.org/wiki/Succotash"
916,tamale,dish,,,,"https://en.wikipedia.org/wiki/Tamale"
917,"rice cake",dish,,,,"https://en.wikipedia.org/wiki/Rice_cake"
918,"tree fern",plant,,,,"https://en.wikipedia.org/wiki/Cyatheales"
919,"evaporated milk",dairy,,,,"https://en.wikipedia.org/wiki/Evaporated_milk"
920,flour,cereal,,,,"https://en.wikipedia.org/wiki/Flour"
921,akutaq,dish,,,,"https://en.wikipedia.org/wiki/Akutaq"
923,"pita bread",bakery,,,,"https://en.wikipedia.org/wiki/Pita_bread"
924,focaccia,bakery,,,,"https://en.wikipedia.org/wiki/Focaccia"
925,bagel,bakery,,,,"https://en.wikipedia.org/wiki/Bagel"
926,"other bread product",bakery,,,,
927,"piki bread",bakery,,,,"https://en.wikipedia.org/wiki/Piki"
928,"french toast",bakery,,,,"https://en.wikipedia.org/wiki/French_toast"
929,"oat bread",bakery,,,,
930,"potato bread",bakery,,,,"https://en.wikipedia.org/wiki/Potato_bread"
931,cornbread,maize,,,,"https://en.wikipedia.org/wiki/Cornbread"
932,"corn grits",maize,,,,"https://en.wikipedia.org/wiki/Grits"
933,"multigrain bread",bakery,,,,
934,"rice bread",bakery,,,,"https://en.wikipedia.org/wiki/Rice_bread"
935,"pan dulce",bakery,,,,"https://en.wikipedia.org/wiki/Gibraltarian_cuisine#Pan_dulce"
936,"raisin bread",bakery,,,,"https://en.wikipedia.org/wiki/Raisin_bread"
937,"wonton wrapper",bakery,,,,"https://en.wikipedia.org/wiki/Wonton"
938,"trail mix",dish,,,,"https://en.wikipedia.org/wiki/Trail_mix"
939,"greenthread tea",beverage,,,,"https://en.wikipedia.org/wiki/Thelesperma"
941,"vegetable juice",beverage,,,,"https://en.wikipedia.org/wiki/Vegetable_juice"
942,horchata,beverage,,,,"https://en.wikipedia.org/wiki/Horchata"
943,"soft drink",beverage,,,,"https://en.wikipedia.org/wiki/Soft_drink"
944,milkshake,beverage,,,,"https://en.wikipedia.org/wiki/Milkshake"
945,"chocolate mousse",bakery,,,,"https://en.wikipedia.org/wiki/Mousse"
947,pupusa,dish,,,,"https://en.wikipedia.org/wiki/Pupusa"
948,empanada,dish,,,,"https://en.wikipedia.org/wiki/Empanada"
949,arepa,dish,,,,"https://en.wikipedia.org/wiki/Arepa"
950,ascidians,seafood,,,,"https://en.wikipedia.org/wiki/Ascidiacea"
951,"gefilte fish",dish,,,,"https://en.wikipedia.org/wiki/Gefilte_fish"
952,"yellow pond lily",plant,,,,"https://en.wikipedia.org/wiki/Nuphar_lutea"
953,"fish burger",dish,,,,"https://en.wikipedia.org/wiki/Filet-O-Fish"
954,"other dish",dish,,,,
955,"pot pie",dish,,,,"https://en.wikipedia.org/wiki/Pot_pie"
956,stuffing,additive,,,,"https://en.wikipedia.org/wiki/Stuffing"
958,fudge,bakery,,,,"https://en.wikipedia.org/wiki/Fudge"
959,"candy bar",bakery,,,,"https://en.wikipedia.org/wiki/Chocolate_bar"
960,"condensed milk",dairy,,,,"https://en.wikipedia.org/wiki/Condensed_milk"
961,margarine,additive,,,,"https://en.wikipedia.org/wiki/Margarine"
962,"margarine like spread",additive,,,,
963,hummus,dish,,,,"https://en.wikipedia.org/wiki/Hummus"
964,"potato puffs",dish,,,,
965,"potato gratin",dish,,,,"https://en.wikipedia.org/wiki/Gratin"
967,"chinese bayberry",berry,,,,"https://en.wikipedia.org/wiki/Myrica_rubra"
968,"green zucchini",vegetable,,,,"https://en.wikipedia.org/wiki/Zucchini"
969,"yellow zucchini",vegetable,,,,"https://en.wikipedia.org/wiki/Zucchini"
970,"saskatoon berry",berry,,,,"https://en.wikipedia.org/wiki/Amelanchier_alnifolia"
971,"nanking cherry",berry,,,,"https://en.wikipedia.org/wiki/Prunus_tomentosa"
972,"japanese pumpkin",fruit,,,,"https://en.wikipedia.org/wiki/Kabocha"
977,"guinea hen",meat,,,,"https://en.wikipedia.org/wiki/Guinea_hen"
978,cucurbita,gourd,,,,"https://en.wikipedia.org/wiki/Cucurbita"
